01/03/15,24-20-10-41-22-28
01/05/15,09-55-05-14-27-31
01/07/15,40-53-32-28-07-05
01/10/15,45-18-34-49-35-20
01/12/15,42-36-54-40-47-51
01/14/15,24-55-52-04-33-40
01/17/15,50-47-12-05-48-37
01/19/15,26-13-47-17-28-16
01/21/15,46-12-21-23-39-52
01/24/15,21-38-28-27-44-02
01/26/15,29-04-50-23-19-30
01/28/15,09-32-42-14-20-40
01/31/15,35-55-44-04-11-07
02/02/15,34-15-27-04-03-39
02/04/15,54-36-43-41-30-42
02/07/15,45-11-24-15-02-03
02/09/15,53-09-06-49-30-48
02/11/15,19-47-42-38-04-25
02/14/15,24-12-33-02-18-35
02/16/15,42-54-22-15-11-49
02/18/15,06-39-17-50-54-24
02/21/15,20-46-05-32-40-34
02/23/15,49-45-15-09-38-01
02/25/15,10-14-03-08-38-09
02/28/15,51-27-26-18-09-04
03/02/15,14-23-32-05-55-20
03/04/15,10-07-48-19-08-55
03/07/15,42-02-52-47-11-38
03/09/15,21-32-33-11-20-26
03/11/15,52-44-25-06-39-13
03/14/15,39-41-38-44-14-03
03/16/15,48-33-52-45-22-49
03/21/15,26-27-33-02-44-05
03/23/15,16-24-17-11-44-30
03/25/15,03-23-09-49-46-53
03/28/15,54-12-13-42-48-18
03/30/15,27-28-47-20-40-44
04/01/15,50-45-22-31-52-27
04/06/15,22-06-50-17-03-26
04/08/15,28-40-19-30-32-13
04/11/15,55-35-30-16-05-12
04/13/15,04-45-27-16-43-32
04/15/15,51-09-30-45-54-19
03/18/15,45-01-55-54-43-15
04/18/15,51-14-37-44-49-16
04/20/15,17-55-31-28-12-40
04/22/15,23-45-44-41-07-38
04/25/15,18-28-25-53-07-11
04/27/15,02-26-15-13-22-43
04/29/15,33-23-02-41-10-24
05/02/15,31-37-28-49-43-34
05/04/15,43-36-35-40-24-05
05/06/15,15-55-49-43-54-01
05/09/15,18-29-07-08-32-45
05/11/15,06-02-26-48-35-27
05/13/15,06-36-46-41-02-01
05/16/15,22-09-43-14-06-31
05/18/15,41-23-38-31-52-43
05/20/15,39-21-12-42-49-48
05/23/15,40-05-55-35-52-20
05/25/15,06-44-48-35-54-27
05/27/15,08-51-54-38-12-40
05/30/15,42-19-25-18-48-45
06/01/15,06-26-02-37-23-05
06/03/15,09-51-26-19-31-39
06/06/15,24-12-28-38-41-08
06/08/15,28-20-52-06-40-45
06/10/15,26-23-46-01-02-22
06/13/15,44-21-34-17-54-50
06/15/15,09-11-37-45-20-44
06/17/15,51-42-49-25-37-17
06/20/15,35-01-08-27-30-06
06/22/15,51-13-06-35-08-37
06/24/15,31-33-13-12-04-27
06/27/15,02-08-12-52-48-27
06/29/15,43-41-09-33-52-22
07/01/15,16-26-34-45-32-04
07/04/15,22-34-08-01-52-06
07/06/15,16-07-02-31-42-37
07/08/15,28-47-36-31-20-37
07/11/15,37-28-38-32-19-27
07/13/15,35-49-31-48-12-30
07/15/15,44-07-47-10-55-49
07/18/15,23-52-46-03-42-43
07/20/15,18-05-14-26-53-04
07/22/15,41-07-43-29-18-17
07/25/15,30-32-54-42-19-04
07/27/15,41-39-29-38-30-46
07/29/15,22-08-31-11-12-46
08/01/15,08-29-16-26-13-21
08/03/15,25-30-14-07-10-19
08/05/15,33-43-17-45-03-36
08/08/15,26-05-11-53-35-28
08/10/15,49-01-25-32-04-06
08/12/15,54-41-36-08-14-15
08/15/15,03-25-54-24-53-36
08/17/15,22-12-09-37-35-01
08/19/15,44-12-34-33-23-02
08/22/15,37-29-02-27-04-45
08/24/15,14-18-37-39-53-13
08/26/15,25-41-27-47-12-02
08/29/15,47-41-14-24-49-35
08/31/15,35-14-43-13-53-50
09/02/15,45-09-30-29-25-08
09/05/15,29-20-25-08-30-28
09/07/15,21-54-23-34-48-41
09/09/15,11-01-14-05-48-28
09/12/15,13-40-11-04-51-03
09/14/15,30-27-29-28-16-04
09/16/15,20-22-29-28-39-34
09/19/15,54-46-29-13-01-41
09/21/15,35-43-25-38-12-11
09/23/15,07-55-08-13-15-21
09/26/15,12-42-41-32-49-51
09/28/15,11-51-54-29-55-02
09/30/15,25-04-31-01-50-33
10/03/15,20-16-52-31-53-19
10/05/15,40-48-05-13-52-31
10/07/15,04-24-26-20-32-49
10/10/15,42-26-45-18-11-48
10/12/15,22-38-27-06-25-33
10/14/15,54-51-19-06-53-27
10/17/15,35-47-44-24-51-25
10/19/15,54-08-33-14-46-40
10/21/15,44-07-14-24-08-02
10/24/15,48-06-03-32-22-14
10/26/15,14-08-34-27-45-38
10/28/15,15-03-41-28-53-30
10/31/15,21-18-10-51-25-52
11/02/15,28-41-50-47-44-17
11/04/15,12-51-27-20-15-05
11/07/15,05-42-28-17-44-54
11/09/15,09-33-55-24-43-53
11/11/15,36-49-47-39-02-42
11/14/15,25-30-14-44-28-55
11/16/15,42-30-22-49-14-39
11/18/15,02-33-20-12-15-16
11/21/15,41-45-39-24-17-20
11/23/15,14-09-23-08-46-10
11/25/15,23-06-54-18-13-49
11/28/15,01-15-33-31-44-09
11/30/15,31-52-03-06-25-32
12/02/15,21-43-42-10-04-31
12/05/15,19-45-48-49-01-54
12/07/15,49-54-15-46-42-26
12/09/15,20-29-22-13-17-39
12/12/15,37-01-06-09-03-16
12/14/15,23-10-02-09-13-31
12/16/15,28-38-53-22-40-29
12/19/15,27-37-17-49-32-22
12/21/15,47-13-36-15-12-43
12/23/15,22-25-02-39-28-49
12/26/15,30-50-26-45-07-52
12/28/15,10-26-40-08-05-02
12/30/15,13-37-10-50-26-47
01/02/16,43-07-23-32-02-48
01/04/16,33-55-30-13-31-10
01/06/16,50-20-31-01-40-14
01/09/16,24-21-26-05-47-33
01/11/16,17-35-23-38-44-26
01/13/16,48-19-29-20-21-49
01/16/16,42-06-36-04-28-33
01/18/16,53-47-01-18-39-24
01/20/16,06-41-40-08-13-27
01/23/16,28-12-54-03-09-01
01/25/16,24-13-51-29-35-02
01/27/16,18-12-32-09-23-50
01/30/16,06-25-17-09-14-12
02/01/16,41-12-27-54-29-49
02/03/16,04-18-21-51-08-17
02/06/16,55-53-42-32-04-26
02/08/16,30-11-49-18-25-47
02/10/16,35-13-54-27-33-36
02/13/16,16-41-34-13-30-54
02/15/16,38-39-42-36-15-33
02/17/16,55-12-33-02-18-03
02/20/16,42-05-01-52-39-43
02/22/16,48-09-32-50-38-07
02/24/16,24-17-08-28-30-18
02/27/16,15-44-35-14-05-45
02/29/16,38-51-36-20-48-47
03/02/16,38-51-08-22-13-29
03/05/16,08-11-50-38-54-40
03/07/16,42-36-06-55-41-51
03/09/16,30-07-21-41-03-42
03/12/16,05-43-20-12-44-47
03/14/16,14-10-09-12-28-23
03/16/16,13-29-30-27-36-06
03/19/16,49-38-28-26-45-23
03/21/16,48-35-31-33-16-36
03/23/16,14-40-20-32-27-10
03/28/16,46-55-25-30-51-15
03/30/16,46-51-32-26-53-09
04/02/16,11-29-22-01-39-40
04/04/16,53-17-50-09-51-48
04/06/16,32-02-01-52-17-27
04/09/16,07-23-02-55-39-19
04/11/16,15-29-24-51-55-43
04/13/16,42-07-55-35-44-52
04/16/16,46-45-18-50-51-38
04/18/16,50-39-36-23-05-22
04/20/16,19-10-15-39-44-25
04/23/16,32-35-25-26-44-17
04/25/16,04-30-44-37-53-42
04/27/16,12-10-14-01-28-47
04/30/16,41-48-39-09-50-14
05/02/16,35-12-21-01-16-03
05/04/16,14-20-16-05-22-24
05/07/16,47-19-02-01-17-04
05/09/16,52-33-04-02-07-11
05/11/16,05-14-19-18-43-47
05/14/16,08-04-15-49-40-10
05/16/16,10-26-49-34-52-33
05/18/16,11-07-51-17-53-05
05/21/16,11-08-53-45-04-32
05/23/16,12-17-20-15-05-02
05/25/16,33-12-37-36-32-38
05/28/16,28-16-06-44-04-39
05/30/16,43-46-17-30-35-06
06/01/16,14-07-15-25-43-01
06/04/16,51-02-29-15-19-39
06/06/16,28-49-25-24-18-39
06/08/16,11-17-38-45-20-35
06/11/16,42-13-33-34-51-02
06/13/16,29-15-20-44-47-11
06/15/16,07-06-40-47-29-52
06/18/16,52-42-48-13-37-09
06/20/16,19-40-13-30-09-26
06/22/16,27-42-10-54-31-16
06/25/16,05-16-53-01-33-04
06/27/16,28-50-42-53-07-30
06/29/16,05-10-20-39-12-36
07/02/16,08-25-05-04-50-45
07/04/16,44-14-09-26-48-33
07/06/16,14-23-06-20-39-54
07/09/16,28-43-31-13-18-02
07/11/16,17-15-53-30-14-02
07/13/16,35-38-21-23-24-12
07/16/16,33-32-51-17-13-03
07/18/16,05-27-21-45-02-47
07/20/16,10-07-16-22-44-37
07/23/16,37-34-19-08-26-25
07/25/16,15-42-11-31-30-28
07/27/16,23-44-28-12-04-13
07/30/16,13-35-24-09-06-53
08/01/16,15-09-47-20-02-40
08/03/16,44-02-43-52-31-51
08/06/16,17-31-38-27-47-36
08/08/16,16-18-28-13-55-47
08/10/16,41-25-08-11-29-34
08/13/16,01-51-06-31-10-48
08/15/16,25-04-48-28-20-23
08/17/16,55-16-02-11-50-32
08/20/16,46-32-20-04-26-51
08/22/16,55-37-08-15-27-47
08/24/16,45-20-13-26-02-43
08/27/16,47-16-42-22-43-50
08/29/16,11-14-37-44-20-38
08/31/16,43-12-35-48-07-28
09/03/16,33-23-12-41-35-01
09/05/16,06-17-05-54-45-29
09/07/16,24-36-29-49-22-53
09/10/16,47-19-55-23-38-06
09/12/16,27-03-44-33-39-19
09/14/16,16-31-41-19-09-08
09/17/16,24-53-33-17-51-22
09/19/16,47-31-43-39-23-26
09/21/16,42-19-45-03-41-49
09/24/16,49-16-27-24-28-35
09/26/16,08-16-37-29-31-22
09/28/16,18-17-46-47-14-54
10/01/16,35-22-11-42-20-03
10/03/16,34-09-27-44-20-12
10/05/16,25-40-54-21-51-15
10/08/16,48-49-18-52-33-14
10/10/16,53-33-11-21-49-41
10/12/16,17-23-19-10-03-46
10/15/16,05-03-52-34-13-53
10/17/16,44-36-07-12-11-15
10/19/16,15-46-22-28-36-44
10/22/16,34-15-47-13-04-53
10/24/16,38-31-51-33-49-47
10/26/16,30-47-32-20-05-21
10/29/16,33-14-46-05-38-23
10/31/16,19-07-44-04-12-27
11/02/16,12-20-45-04-55-29
11/05/16,07-16-02-23-36-30
11/07/16,47-30-21-15-22-43
11/09/16,44-52-33-40-03-05
11/12/16,03-13-52-43-38-54
11/14/16,39-43-45-30-14-12
11/16/16,36-07-47-20-52-18
11/19/16,54-13-41-31-18-21
11/21/16,05-44-37-11-34-19
11/23/16,15-03-46-22-05-19
11/26/16,06-34-19-20-38-07
11/28/16,26-03-33-48-34-10
11/30/16,27-16-10-33-46-55
12/03/16,41-32-02-48-31-35
12/05/16,38-01-13-52-35-45
12/07/16,36-30-18-37-28-31
12/10/16,54-08-29-47-55-27
12/12/16,10-21-18-04-47-03
12/14/16,07-27-17-11-32-49
12/17/16,48-38-04-33-12-21
12/19/16,54-45-05-47-18-55
12/21/16,27-08-44-49-14-40
12/24/16,35-23-15-55-28-41
12/26/16,12-53-43-40-52-17
12/28/16,51-35-50-30-17-02
12/31/16,33-31-29-26-14-54
01/02/17,18-29-35-16-05-47
01/04/17,05-42-38-37-03-46
01/07/17,34-20-40-04-18-42
01/09/17,47-14-03-49-48-30
01/11/17,50-47-35-08-38-44
01/14/17,27-36-28-19-54-23
01/16/17,11-49-24-01-43-50
01/18/17,45-27-37-43-06-39
01/21/17,52-17-20-43-15-19
01/23/17,18-47-39-22-10-23
01/25/17,26-06-46-36-11-15
01/28/17,51-38-40-32-36-10
01/30/17,16-22-04-52-49-51
02/01/17,52-45-32-36-34-31
02/04/17,05-25-10-49-39-01
02/06/17,49-50-39-23-21-19
02/08/17,21-30-34-08-38-52
02/11/17,33-35-26-55-20-25
02/13/17,40-36-38-13-07-34
02/15/17,40-23-13-38-27-25
02/18/17,09-18-13-52-50-11
02/20/17,54-06-15-22-46-09
02/22/17,42-04-27-12-14-19
02/25/17,51-16-33-34-41-12
02/27/17,45-52-47-38-03-17
03/01/17,23-16-24-50-53-38
03/04/17,05-01-16-06-03-07
03/06/17,35-55-51-46-11-28
03/08/17,32-48-42-01-25-55
03/11/17,45-16-52-06-43-11
03/13/17,17-21-05-09-42-27
03/15/17,16-42-20-01-24-43
03/18/17,08-17-23-40-52-06
03/20/17,02-06-38-36-30-07
03/22/17,47-38-22-25-28-15
03/25/17,19-45-34-24-11-04
03/27/17,16-32-44-38-13-10
03/29/17,13-23-53-49-12-34
04/01/17,51-27-39-52-02-03
04/03/17,38-40-44-30-15-25
04/05/17,52-53-37-21-36-45
04/08/17,40-30-29-09-41-03
04/10/17,02-01-09-10-37-54
04/12/17,27-41-26-21-18-09
04/17/17,41-49-16-13-33-30
04/19/17,35-27-49-33-23-18
04/22/17,34-42-08-15-23-20
04/24/17,12-01-09-02-06-05
04/26/17,43-30-26-55-32-02
04/29/17,04-49-51-43-15-29
05/01/17,34-21-53-29-20-12
05/03/17,27-30-29-49-47-01
05/06/17,44-02-23-18-04-22
05/08/17,15-28-40-39-21-29
05/10/17,44-52-07-06-11-42
05/13/17,23-35-21-36-11-08
05/15/17,50-07-18-51-12-38
05/17/17,25-35-29-01-44-02
05/20/17,25-43-04-40-55-51
05/22/17,17-27-08-44-52-55
05/24/17,34-33-38-52-07-37
05/27/17,47-19-32-23-20-55
05/29/17,44-16-19-49-05-32
05/31/17,08-01-27-15-46-33
06/03/17,16-38-41-32-13-28
06/05/17,10-31-40-12-37-35
06/07/17,29-40-28-38-55-37
06/10/17,06-52-34-35-23-08
06/12/17,54-07-41-32-39-06
06/14/17,35-02-01-51-24-47
06/17/17,22-12-54-05-08-19
06/19/17,36-13-54-48-27-20
06/21/17,42-25-31-16-44-09
06/24/17,52-38-20-05-06-21
06/26/17,15-54-44-35-49-06
06/28/17,14-43-09-02-29-49
07/01/17,19-26-54-27-09-25
07/03/17,12-34-25-47-36-35
07/05/17,18-50-10-33-34-54
07/08/17,38-40-25-52-26-03
07/10/17,38-36-53-40-08-48
07/12/17,48-16-53-13-14-18
07/15/17,28-23-36-49-43-19
07/17/17,10-52-44-26-24-13
07/19/17,02-11-04-43-55-33
07/22/17,44-26-29-32-38-13
07/24/17,26-48-47-08-34-20
07/26/17,55-18-42-38-11-12
07/29/17,51-25-11-37-18-38
07/31/17,03-44-02-16-46-33
08/02/17,02-28-06-27-15-20
08/05/17,47-03-01-19-28-52
08/07/17,18-11-20-44-55-33
08/09/17,20-01-06-15-11-07
08/12/17,25-49-54-39-20-15
08/14/17,24-09-03-27-46-41
08/16/17,48-50-05-55-25-22
08/19/17,03-44-25-07-55-52
08/21/17,40-06-17-34-30-43
08/23/17,30-02-08-33-41-06
08/26/17,31-54-45-08-49-37
08/28/17,20-47-17-48-40-10
08/30/17,17-10-06-03-11-27
09/02/17,31-16-17-45-50-11
09/04/17,22-49-06-25-54-53
09/06/17,18-55-38-37-16-14
09/09/17,22-33-42-11-36-27
09/11/17,22-24-34-51-55-37
09/13/17,03-33-41-18-07-20
09/16/17,13-02-23-55-10-49
09/18/17,34-37-17-39-04-13
09/20/17,09-19-46-27-43-48
09/23/17,07-04-14-26-52-29
09/25/17,14-55-51-36-16-03
09/27/17,51-16-41-48-01-34
09/30/17,22-55-35-33-37-15
10/02/17,22-11-35-05-25-42
10/04/17,54-19-03-24-17-39
10/07/17,34-07-18-15-41-47
10/09/17,07-16-40-31-05-22
10/11/17,30-24-37-54-15-14
10/14/17,46-28-44-52-06-04
10/16/17,18-33-28-21-23-22
10/18/17,51-03-02-42-41-11
10/21/17,25-11-28-06-38-55
10/23/17,23-18-13-20-54-12
10/25/17,15-29-24-42-52-34
10/28/17,19-16-23-09-06-11
10/30/17,11-24-22-20-48-36
11/01/17,33-06-21-04-43-18
11/04/17,38-06-23-17-46-36
11/06/17,17-26-45-28-43-19
11/08/17,25-30-54-53-40-34
11/11/17,11-19-35-41-10-05
11/13/17,20-01-36-52-03-29
11/15/17,29-09-25-37-21-20
11/18/17,17-52-50-09-33-46
11/20/17,15-50-42-35-05-17
11/22/17,17-44-01-03-49-41
11/25/17,50-05-22-15-01-39
11/27/17,52-17-20-27-46-54
11/29/17,45-53-32-41-27-11
12/02/17,37-35-45-11-24-22
12/04/17,33-22-08-42-01-10
12/06/17,48-54-12-18-52-10
12/09/17,37-33-51-28-55-07
12/11/17,20-09-22-08-33-13
12/13/17,24-12-07-23-43-50
12/16/17,47-45-26-09-50-03
12/18/17,38-44-22-02-48-31
12/20/17,51-29-20-14-12-07
12/23/17,03-13-11-25-04-18
12/27/17,25-21-26-41-29-09
12/30/17,26-23-03-34-48-05
01/03/18,29-16-05-25-12-30
01/06/18,42-51-03-49-47-21
01/08/18,32-44-51-36-07-39
01/10/18,27-51-47-09-12-01
01/13/18,21-37-54-15-49-11
01/15/18,48-20-31-41-01-40
01/17/18,25-30-22-05-40-41
01/20/18,23-10-52-51-03-09
01/22/18,39-05-21-54-18-13
01/24/18,27-28-48-34-55-43
01/27/18,11-49-12-20-45-02
01/29/18,55-52-17-37-26-45
01/31/18,09-52-45-21-13-05
02/03/18,01-13-46-39-45-30
02/05/18,19-30-54-36-28-14
02/07/18,53-05-29-44-10-07
02/10/18,05-32-28-11-35-31
02/12/18,10-05-42-49-23-06
02/14/18,54-25-19-47-09-50
02/17/18,55-05-44-42-18-24
02/19/18,16-34-19-24-02-18
02/21/18,04-43-36-23-02-38
02/24/18,04-44-33-16-22-53
02/26/18,29-35-03-02-34-08
02/28/18,47-27-07-05-38-28
03/03/18,47-07-39-54-05-28
03/05/18,18-07-33-03-09-14
03/07/18,35-10-23-28-24-06
03/12/18,38-12-41-11-15-52
03/10/18,15-18-10-52-09-28
03/14/18,12-23-28-55-14-13
03/17/18,03-30-07-36-10-32
03/19/18,26-15-07-31-49-05
03/21/18,38-16-52-54-46-42
03/24/18,20-05-33-16-41-08
03/26/18,44-50-21-47-12-13
03/28/18,42-48-30-03-12-20
04/02/18,05-08-35-52-03-14
04/04/18,37-01-41-23-17-44
04/07/18,11-05-31-33-43-51
04/09/18,25-32-28-09-36-44
04/11/18,23-34-14-04-28-35
04/14/18,45-21-18-53-12-37
04/16/18,33-36-46-04-47-13
04/18/18,03-02-24-27-21-10
04/21/18,26-35-54-48-34-33
04/23/18,48-54-49-20-32-22
04/25/18,13-42-43-44-15-35
04/28/18,01-51-34-21-30-18
04/30/18,46-03-04-22-38-28
05/02/18,36-30-17-07-43-50
05/05/18,54-21-44-36-11-38
05/07/18,40-53-24-21-52-01
05/09/18,31-42-23-34-27-30
05/12/18,30-26-39-03-47-10
05/14/18,07-33-03-08-32-25
05/16/18,39-38-10-34-46-12
05/19/18,12-55-10-05-43-19
05/21/18,30-27-18-43-26-11
05/23/18,20-49-50-39-24-47
05/26/18,31-40-28-44-05-41
05/28/18,05-23-07-46-28-42
05/30/18,14-39-09-53-15-55
06/02/18,41-42-35-37-16-49
06/04/18,44-46-10-21-41-27
06/06/18,02-26-19-17-01-23
06/09/18,41-10-38-47-26-19
06/11/18,11-19-48-06-23-20
06/13/18,29-20-42-41-48-55
06/16/18,20-15-25-33-30-09
06/18/18,48-41-39-08-09-27
06/20/18,02-27-19-18-34-12
06/23/18,29-48-52-19-55-05
06/25/18,24-50-06-40-22-44
06/27/18,20-14-48-03-12-40
06/30/18,09-18-10-02-12-24
07/02/18,15-45-22-03-35-17
07/04/18,16-07-21-28-49-14
07/07/18,09-24-46-27-38-22
07/09/18,45-13-34-20-31-04
07/11/18,09-24-54-18-05-30
07/14/18,14-44-37-19-09-43
07/16/18,33-10-25-30-53-34
07/18/18,04-35-48-45-23-31
07/21/18,22-21-37-24-19-03
07/23/18,02-48-42-17-41-29
07/25/18,16-45-48-20-35-24
07/28/18,27-19-50-13-51-41
07/30/18,40-15-22-03-13-55
08/01/18,30-09-52-54-50-29
08/04/18,47-16-24-06-35-25
08/06/18,15-11-12-27-08-43
08/08/18,18-30-35-38-10-41
08/11/18,38-49-05-40-10-47
08/13/18,31-01-52-06-36-34
08/15/18,14-54-07-09-51-10
08/18/18,29-54-35-14-19-27
08/20/18,44-54-08-20-28-30
08/22/18,01-26-47-42-19-17
08/25/18,24-55-45-46-02-13
08/27/18,53-49-34-18-27-16
08/29/18,37-49-28-12-32-10
09/01/18,16-28-29-20-30-26
09/03/18,37-55-48-54-31-15
09/05/18,27-26-47-02-29-05
09/08/18,22-46-29-49-05-23
09/10/18,54-05-48-37-33-16
09/12/18,03-36-52-20-26-33
09/15/18,37-32-39-43-55-38
09/17/18,19-32-29-39-02-17
09/19/18,41-35-24-39-42-26
09/22/18,24-49-50-11-21-38
09/24/18,29-30-48-12-06-09
09/26/18,34-09-28-24-19-42
09/29/18,04-29-03-38-32-53
10/01/18,51-15-29-19-52-06
10/03/18,34-32-07-14-18-27
10/06/18,06-35-43-28-34-25
10/08/18,13-48-37-28-49-55
10/10/18,34-12-37-16-13-19
10/13/18,35-36-21-42-38-54
10/15/18,50-11-10-19-45-13
10/17/18,44-18-09-49-11-24
10/20/18,05-10-31-37-53-46
10/22/18,28-01-53-46-05-11
10/24/18,51-50-38-26-03-16
10/27/18,50-19-03-16-46-26
10/29/18,44-51-20-35-17-03
10/31/18,30-25-51-20-28-48
11/03/18,50-03-54-44-20-18
11/05/18,33-30-41-28-38-19
11/07/18,13-16-33-47-30-01
11/10/18,09-11-36-50-48-15
11/12/18,35-36-51-01-55-03
11/14/18,48-02-37-53-55-06
11/17/18,05-10-38-52-22-54
11/19/18,27-04-30-47-52-45
11/21/18,12-54-51-06-09-40
11/24/18,22-24-39-27-01-31
11/26/18,31-55-26-41-33-04
11/28/18,43-15-07-50-31-28
12/01/18,46-54-36-08-30-44
12/03/18,15-55-02-30-52-06
12/05/18,47-14-46-25-53-07
12/08/18,55-10-46-37-07-22
12/10/18,30-23-26-34-12-08
12/12/18,26-52-49-43-16-45
12/15/18,13-54-38-47-07-26
12/17/18,28-29-44-52-09-01
12/19/18,20-29-04-17-45-55
12/22/18,15-23-06-52-39-29
12/24/18,45-54-18-33-52-04
12/26/18,32-08-48-34-55-17
12/29/18,19-12-53-07-24-48
12/31/18,33-30-43-11-53-31
01/02/19,06-44-29-26-33-01
01/05/19,28-27-26-51-42-16
01/07/19,25-24-02-55-09-33
01/09/19,47-12-22-52-21-55
01/12/19,23-28-19-22-08-51
01/14/19,46-52-55-08-24-10
01/16/19,39-15-50-34-30-41
01/19/19,23-54-03-43-30-36
01/21/19,17-07-38-08-05-10
01/23/19,25-42-32-38-50-13
01/26/19,41-31-16-09-22-32
01/28/19,43-20-54-12-32-29
01/30/19,09-28-08-52-42-02
02/02/19,15-22-04-54-31-33
02/04/19,04-26-35-02-46-52
02/06/19,03-20-30-14-38-32
02/09/19,02-52-38-13-11-55
02/11/19,16-28-48-22-30-50
02/13/19,26-54-45-09-12-22
02/16/19,55-53-48-43-28-52
02/18/19,02-40-08-06-55-09
02/20/19,28-51-30-05-36-39
02/23/19,03-50-16-54-33-21
02/25/19,06-18-31-25-34-36
02/27/19,23-08-35-31-49-24
03/02/19,19-02-32-09-52-46
03/04/19,02-05-35-21-38-22
03/06/19,33-51-42-13-01-17
03/09/19,04-26-35-25-31-40
03/11/19,54-12-48-55-50-04
03/13/19,42-35-19-11-39-45
03/16/19,31-11-20-52-24-53
03/18/19,50-24-48-45-52-13
03/20/19,16-36-35-43-23-01
03/23/19,19-47-36-02-04-34
03/25/19,30-26-21-49-35-09
03/27/19,47-10-44-09-01-18
03/30/19,01-45-02-39-31-11
04/01/19,40-37-43-24-41-48
04/03/19,43-17-04-19-55-08
04/06/19,25-44-31-14-08-38
04/08/19,09-47-42-43-50-21
04/10/19,03-53-33-52-06-34
04/13/19,36-12-31-39-42-40
04/15/19,52-38-32-01-06-07
04/17/19,42-07-25-39-24-43
04/22/19,29-32-39-08-35-02
04/24/19,20-23-12-27-21-16
04/27/19,22-35-16-10-03-32
04/29/19,05-44-51-47-15-07
05/01/19,20-22-28-38-43-46
05/04/19,35-14-41-55-32-29
05/06/19,37-39-29-26-24-01
05/08/19,20-34-52-10-04-35
05/11/19,26-35-08-21-18-29
05/13/19,13-24-27-51-20-40
05/15/19,37-23-27-05-26-39
05/18/19,12-24-13-02-49-06
05/20/19,06-33-54-42-36-41
05/22/19,09-46-35-51-43-08
05/25/19,02-09-49-21-24-11
05/27/19,02-04-06-08-24-01
05/29/19,20-51-33-13-44-54
06/01/19,19-01-15-17-43-48
06/03/19,30-03-52-49-05-41
06/05/19,22-38-16-05-46-29
06/08/19,26-34-39-52-22-47
06/10/19,39-01-55-23-31-45
06/12/19,22-53-20-34-16-38
06/15/19,01-40-03-05-17-07
06/17/19,39-14-27-37-11-23
06/19/19,53-41-16-05-20-48
06/22/19,29-38-22-13-15-01
06/24/19,40-48-29-52-09-18
06/26/19,52-03-11-27-06-51
06/29/19,18-14-37-45-23-20
07/01/19,05-39-50-45-41-43
07/03/19,11-39-13-41-37-32
07/06/19,41-17-49-26-29-27
07/08/19,03-01-17-12-27-05
07/10/19,07-43-19-51-25-21
07/13/19,38-24-04-19-11-44
07/15/19,43-39-27-50-40-24
07/17/19,20-08-07-34-32-06
07/20/19,53-48-04-36-30-21
07/22/19,34-37-40-21-04-05
07/24/19,23-27-41-16-24-26
07/27/19,28-39-23-45-20-53
07/29/19,53-28-15-41-03-45
07/31/19,52-29-33-05-40-03
08/03/19,30-23-02-47-45-12
08/05/19,50-14-11-09-53-54
08/07/19,29-38-54-36-14-49
08/10/19,25-44-48-55-42-15
08/12/19,32-07-10-21-20-19
08/14/19,03-41-21-40-17-55
08/17/19,03-47-54-14-18-16
08/19/19,26-49-54-31-38-32
08/21/19,39-18-50-15-04-23
08/24/19,31-16-34-08-52-20
08/26/19,16-38-30-27-22-37
08/28/19,41-50-24-26-52-03
08/31/19,29-06-28-45-36-07
09/02/19,48-20-52-11-22-05
09/04/19,45-26-39-33-25-50
09/07/19,44-03-40-43-02-48
09/09/19,35-41-17-55-23-28
09/11/19,12-33-27-02-50-53
09/14/19,06-12-13-34-17-47
09/16/19,24-12-43-45-05-25
09/18/19,36-19-08-14-10-52
09/21/19,55-23-11-33-12-26
09/23/19,55-07-44-18-35-28
09/25/19,13-10-14-15-41-47
09/28/19,17-49-30-12-43-08
09/30/19,12-21-19-50-47-01
10/02/19,23-54-09-22-25-38
10/05/19,14-08-48-46-01-44
10/07/19,36-50-51-45-43-14
10/09/19,09-46-30-06-43-01
10/12/19,38-54-18-09-01-25
10/14/19,46-20-44-52-23-14
10/16/19,48-49-50-35-39-10
10/19/19,40-35-19-06-02-28
10/21/19,25-54-36-43-28-44
10/23/19,11-14-39-42-55-26
10/26/19,45-25-50-10-15-05
10/28/19,04-26-48-18-15-01
10/30/19,50-27-09-01-12-05
11/02/19,35-07-23-10-48-45
11/04/19,11-35-44-10-20-38
11/06/19,31-52-33-35-40-24
11/09/19,22-44-02-42-04-49
11/11/19,41-26-46-53-31-40
11/13/19,43-06-05-39-24-17
11/16/19,08-11-14-50-44-51
11/18/19,37-52-35-31-47-51
11/20/19,12-52-11-20-45-08
11/23/19,26-27-34-03-14-02
11/25/19,33-36-07-28-38-08
11/27/19,46-14-13-40-06-27
11/30/19,03-28-14-32-20-15
12/02/19,14-03-06-38-42-34
12/04/19,39-32-38-31-12-47
12/07/19,26-15-27-42-30-49
12/09/19,40-14-22-17-50-45
12/11/19,22-37-04-33-55-32
12/14/19,03-08-27-25-05-44
12/16/19,23-45-50-51-54-49
12/18/19,07-22-06-11-51-37
12/21/19,32-37-52-15-06-19
12/23/19,05-41-39-38-14-25
12/28/19,14-06-22-03-46-53
12/30/19,55-34-03-12-43-54
01/04/20,17-42-16-12-26-05
01/06/20,42-32-35-15-49-19
01/08/20,25-54-04-22-55-24
01/11/20,51-55-14-43-10-50
01/13/20,36-51-09-46-14-10
01/15/20,06-29-01-19-10-32
01/18/20,05-22-50-02-16-40
01/20/20,10-29-38-32-33-47
01/22/20,53-31-44-40-52-55
01/25/20,15-17-05-14-02-32
01/27/20,15-21-55-09-30-53
01/29/20,27-40-10-01-29-09
02/01/20,03-29-08-05-17-38
02/03/20,31-34-43-26-39-50
02/05/20,52-47-34-24-08-13
02/08/20,09-49-23-34-30-26
02/10/20,01-24-29-21-48-33
02/12/20,51-37-04-15-32-55
02/15/20,30-36-13-33-31-02
02/17/20,15-38-04-20-45-37
02/19/20,50-01-42-03-17-39
02/22/20,18-22-19-04-13-53
02/24/20,01-07-41-51-30-04
02/26/20,51-37-52-39-38-28
02/29/20,08-23-19-09-40-28
03/02/20,22-03-33-17-14-24
03/04/20,47-26-32-11-25-45
03/07/20,12-27-45-37-15-52
03/09/20,43-50-33-49-25-20
03/11/20,12-41-53-30-19-48
03/14/20,18-28-10-40-21-25
03/16/20,54-10-45-41-49-12
03/18/20,46-13-34-37-28-47
03/21/20,33-04-37-30-27-03
03/23/20,17-25-29-13-03-15
03/25/20,21-47-37-15-26-17
03/28/20,04-09-28-42-51-01
03/30/20,41-51-16-32-21-11
08/08/20,04-37-11-13-42-53
08/10/20,23-40-11-10-37-45
08/12/20,53-23-10-27-03-44
08/15/20,03-16-44-32-47-38
08/17/20,01-51-12-44-29-22
08/19/20,02-38-51-54-44-50
08/22/20,46-12-30-28-19-36
08/24/20,45-47-26-08-54-50
08/26/20,28-17-49-05-06-21
08/29/20,54-06-28-38-40-50
08/31/20,07-12-52-26-40-48
09/02/20,10-16-47-15-39-09
09/05/20,41-16-36-43-19-34
09/07/20,28-30-20-49-26-40
09/09/20,13-20-14-34-49-27
09/12/20,43-06-26-04-53-20
09/14/20,33-20-29-50-16-13
09/16/20,45-19-42-28-50-17
09/19/20,48-36-43-39-06-10
09/21/20,26-54-18-37-28-42
09/23/20,02-12-22-27-03-29
09/26/20,41-48-02-05-37-34
09/28/20,48-13-31-11-08-24
09/30/20,10-22-40-29-51-42
10/03/20,24-03-50-25-22-23
10/05/20,23-03-31-55-37-48
10/07/20,03-52-17-35-33-42
10/10/20,18-23-22-24-09-52
10/12/20,08-28-46-40-24-45
10/14/20,41-30-20-07-22-26
10/17/20,52-03-10-46-34-48
10/19/20,38-29-04-05-46-36
10/21/20,09-13-36-27-05-10
10/24/20,33-13-37-55-53-40
10/26/20,22-37-54-36-38-18
10/28/20,54-02-52-24-11-04
10/31/20,18-52-17-02-54-55
11/02/20,42-52-20-39-19-40
11/04/20,51-19-05-29-26-17
11/07/20,03-09-34-01-15-40
11/09/20,45-51-04-23-44-14
11/11/20,49-16-42-03-26-06
11/14/20,03-44-17-52-16-27
11/16/20,49-17-22-52-06-41
11/18/20,53-13-04-19-33-44
11/21/20,34-12-10-16-21-01
11/23/20,04-54-25-35-12-15
11/25/20,38-34-37-49-05-09
11/28/20,26-13-17-52-20-40
11/30/20,10-17-36-19-30-50
12/02/20,05-10-42-50-27-41
12/05/20,20-08-55-26-47-48
12/07/20,04-54-45-15-16-08
12/09/20,02-39-15-08-22-27
12/12/20,01-19-13-42-21-48
12/14/20,50-07-55-25-36-28
12/16/20,39-11-20-04-01-07
12/19/20,24-49-36-28-23-54
12/21/20,42-07-43-18-37-38
12/23/20,09-25-55-34-05-02
12/26/20,55-50-48-21-18-54
12/28/20,28-53-32-54-50-14
12/30/20,47-17-50-39-30-55
01/02/21,36-35-48-37-51-04
01/04/21,01-11-35-54-41-24
01/06/21,51-45-41-16-43-07
01/09/21,22-15-53-07-05-38
01/11/21,46-44-36-35-43-41
01/13/21,44-03-33-23-43-07
01/16/21,27-49-47-25-54-29
01/18/21,23-44-22-26-16-12
01/20/21,53-15-09-12-41-16
01/23/21,45-30-35-36-21-10
01/25/21,30-11-47-24-54-48
01/27/21,40-41-20-37-52-11
01/30/21,10-26-31-16-17-01
02/01/21,31-20-32-29-17-48
02/03/21,01-14-10-25-51-38
02/06/21,16-53-46-49-51-29
02/08/21,30-02-05-23-06-24
02/10/21,01-02-46-47-11-32
02/13/21,27-14-18-13-03-46
02/15/21,36-14-44-39-22-40
02/17/21,50-28-33-26-04-03
02/20/21,42-12-44-49-38-11
02/22/21,11-26-28-24-38-05
02/24/21,46-39-33-05-45-26
02/27/21,08-49-17-38-43-06
03/01/21,51-50-02-25-52-22
03/03/21,21-46-26-04-22-17
03/06/21,42-10-47-29-15-53
03/08/21,52-13-50-37-19-49
03/10/21,42-49-29-41-27-03
03/13/21,36-41-35-44-03-40
03/15/21,51-54-49-37-35-08
03/17/21,06-01-28-13-26-45
03/20/21,06-35-22-55-01-32
03/22/21,44-05-11-22-16-27
03/24/21,48-38-23-39-37-29
03/27/21,38-35-11-22-39-47
03/29/21,28-01-25-32-47-05
03/31/21,13-28-03-40-34-15
04/05/21,37-17-38-26-23-01
04/07/21,38-15-27-13-53-08
04/10/21,40-28-11-24-48-15
04/12/21,25-02-27-09-01-43
04/14/21,02-41-06-26-30-09
04/17/21,06-37-01-39-51-36
04/19/21,21-38-39-10-45-14
04/21/21,07-51-24-22-19-27
04/24/21,24-46-13-25-09-15
04/26/21,02-47-55-04-21-13
04/28/21,31-47-28-26-41-35
05/01/21,41-36-51-53-08-20
05/03/21,12-47-02-41-23-09
05/05/21,35-09-43-01-06-17
05/08/21,47-06-03-36-16-46
05/10/21,10-15-05-09-47-52
05/12/21,30-23-19-28-48-22
05/15/21,13-01-50-10-51-54
05/17/21,51-40-33-06-12-55
05/19/21,06-12-02-13-48-15
05/22/21,43-14-20-09-31-03
05/24/21,40-30-19-38-46-35
05/26/21,22-31-49-54-02-37
05/29/21,30-22-07-46-15-52
05/31/21,10-52-30-45-06-29
06/02/21,13-48-40-36-39-34
06/05/21,49-13-16-12-42-11
06/07/21,13-19-43-33-41-46
06/09/21,22-04-24-06-09-49
06/12/21,28-26-54-23-33-43
06/14/21,33-47-34-15-08-39
06/16/21,08-53-40-29-50-32
06/19/21,51-42-20-27-17-23
06/21/21,11-02-54-28-50-48
06/23/21,37-45-05-47-26-24
06/26/21,31-47-55-11-37-42
06/28/21,43-54-53-45-27-24
06/30/21,38-15-18-16-42-33
07/03/21,55-13-15-39-51-22
07/05/21,47-17-31-20-11-51
07/07/21,29-47-36-41-44-27
07/10/21,20-15-49-27-50-29
07/12/21,09-02-21-22-20-42
07/14/21,21-29-39-42-06-14
07/17/21,17-54-09-41-08-20
07/19/21,16-05-20-46-33-50
07/21/21,27-14-41-05-28-51
07/24/21,24-50-44-03-16-18
07/26/21,35-15-16-01-33-55
07/28/21,07-08-16-01-44-28
07/31/21,21-30-07-33-08-49
08/02/21,27-22-54-03-35-19
08/04/21,27-49-06-30-19-22
08/07/21,46-24-31-44-09-14
08/09/21,02-06-39-42-27-24
08/11/21,06-36-40-28-39-15
08/14/21,11-51-45-35-32-13
08/16/21,28-30-06-32-23-03
08/18/21,50-42-26-05-22-23
08/21/21,02-10-19-43-48-41
08/23/21,17-30-53-05-43-08
08/25/21,54-35-14-55-34-11
08/28/21,46-40-33-29-47-25
08/30/21,07-13-05-25-28-03
09/01/21,20-05-47-39-33-54
09/04/21,49-44-12-55-19-06
09/06/21,21-48-06-32-37-43
09/08/21,02-47-48-21-18-14
09/11/21,07-10-08-23-03-43
09/13/21,32-01-02-38-17-05
09/15/21,28-13-21-25-07-31
09/18/21,54-24-44-04-40-55
09/20/21,25-48-05-51-28-11
09/22/21,18-37-03-41-10-01
09/25/21,08-32-15-18-01-21
09/27/21,14-46-05-22-51-40
09/29/21,38-10-31-43-09-42
10/02/21,10-24-35-12-55-42
10/04/21,03-16-38-29-55-26
10/06/21,08-33-39-55-10-28
10/09/21,07-31-33-49-16-42
10/11/21,16-55-09-10-08-40
10/13/21,55-43-10-53-06-31
10/16/21,33-21-24-52-54-38
10/18/21,21-02-18-10-01-15
10/20/21,22-21-18-39-23-09
10/23/21,43-45-06-08-27-13
10/25/21,38-21-23-28-19-51
10/27/21,06-27-37-31-52-46
10/30/21,02-50-52-47-53-34
11/01/21,36-18-21-13-32-53
11/03/21,14-09-51-28-29-35
11/06/21,49-10-41-22-47-42
11/08/21,08-45-47-05-21-40
11/10/21,34-40-55-48-13-43
11/13/21,03-53-17-35-55-24
11/15/21,54-35-22-09-02-08
11/17/21,41-36-21-47-04-11
11/20/21,03-10-05-14-43-23
11/22/21,50-43-33-23-27-14
11/24/21,37-02-45-49-46-13
11/27/21,19-27-21-25-16-33
11/29/21,29-42-12-41-01-35
12/01/21,44-11-55-54-35-28
12/04/21,24-41-10-18-31-22
12/06/21,44-10-51-36-55-48
12/08/21,28-20-41-11-05-27
12/11/21,27-02-23-49-15-52
12/13/21,52-31-55-43-18-34
12/15/21,41-31-16-29-52-14
12/18/21,37-07-26-46-24-52
12/20/21,15-24-08-05-10-43
12/22/21,03-33-04-40-34-35
12/27/21,26-13-04-54-47-14
12/29/21,34-48-46-03-50-10
01/03/22,01-39-02-24-16-33
01/05/22,50-40-54-53-44-29
01/08/22,18-43-06-41-44-48
01/10/22,50-44-03-37-41-14
01/12/22,45-29-40-14-32-05
01/15/22,39-29-09-21-19-20
01/17/22,13-17-25-06-23-19
01/19/22,49-11-51-13-45-18
01/22/22,41-17-49-39-06-32
01/24/22,04-36-28-29-17-49
01/26/22,12-29-15-06-54-05
01/29/22,28-55-52-22-41-35
01/31/22,48-30-19-38-34-02
02/02/22,24-32-07-11-09-49
02/05/22,33-34-41-36-05-39
02/07/22,29-17-38-07-06-41
02/09/22,52-17-55-45-21-49
02/12/22,55-33-36-46-02-32
02/14/22,46-54-13-01-38-30
02/16/22,22-09-02-08-06-15
02/19/22,54-47-07-46-06-39
02/21/22,48-43-12-09-31-36
02/23/22,44-48-50-37-07-19
02/26/22,09-16-46-05-43-54
02/28/22,43-15-55-35-49-52
03/02/22,01-55-11-20-25-28
03/05/22,43-15-39-42-13-49
03/07/22,48-53-34-24-44-16
03/09/22,46-29-30-34-04-20
03/12/22,49-53-32-06-44-10
03/14/22,09-17-45-39-35-15
03/16/22,06-29-32-47-09-20
03/19/22,16-24-33-15-30-37
03/21/22,10-15-36-08-23-05
03/23/22,24-36-35-07-23-10
03/26/22,27-51-16-28-04-18
03/28/22,29-51-23-34-55-08
03/30/22,52-17-19-10-54-22
04/02/22,17-35-49-33-16-31
04/04/22,02-25-37-01-53-48
04/06/22,43-26-53-44-06-23
04/09/22,50-44-17-52-01-41
04/11/22,55-32-24-37-40-04
04/13/22,30-45-55-21-06-51
04/18/22,24-18-52-42-19-37
04/20/22,15-46-42-43-27-34
04/23/22,20-39-48-15-24-25
04/25/22,43-10-30-21-50-05
04/27/22,47-54-38-23-35-52
04/30/22,50-37-36-06-09-20
05/02/22,50-09-29-36-37-52
05/04/22,23-42-34-25-48-41
05/07/22,25-27-19-45-14-20
05/09/22,32-08-11-33-42-41
05/11/22,31-11-45-07-54-08
05/14/22,34-41-27-17-19-53
05/16/22,11-29-34-50-10-17
05/18/22,48-22-23-51-09-26
05/21/22,19-14-13-40-10-16
05/23/22,02-48-12-42-44-06
05/25/22,46-23-42-13-53-52
05/28/22,02-03-41-15-33-46
05/30/22,55-21-51-38-22-37
06/01/22,42-21-44-10-51-25
06/04/22,50-31-53-46-16-44
06/06/22,37-48-28-24-01-32
06/08/22,31-55-01-21-52-48
06/11/22,33-32-08-06-14-05
06/13/22,01-09-50-14-37-17
06/15/22,09-13-41-36-49-45
06/18/22,48-55-21-05-18-52
06/20/22,51-02-49-47-46-36
06/22/22,54-10-17-53-39-06
06/25/22,22-51-41-31-16-39
06/27/22,49-01-40-21-20-55
06/29/22,07-09-51-02-24-39
07/02/22,13-31-41-35-09-25
07/04/22,42-06-09-29-33-01
07/06/22,49-06-26-55-03-14
07/09/22,02-18-49-07-19-47
07/11/22,24-30-41-40-52-12
07/13/22,34-13-06-03-52-26
07/16/22,28-16-33-13-09-36
07/18/22,32-48-06-29-08-24
07/20/22,20-46-14-55-33-10
07/23/22,41-36-02-33-23-05
07/25/22,32-45-10-39-20-35
07/27/22,07-40-27-15-54-22
07/30/22,19-37-29-33-50-06
08/01/22,15-12-33-42-51-54
08/03/22,28-43-49-35-07-51
08/06/22,21-19-29-16-05-14
08/08/22,12-30-47-29-42-34
08/10/22,40-17-19-41-14-20
08/13/22,36-25-06-23-18-19
08/15/22,14-22-53-29-12-26
08/17/22,08-37-42-17-33-23
08/20/22,24-49-07-47-25-45
08/22/22,01-40-33-24-30-45
08/24/22,34-36-03-35-17-04
08/27/22,41-27-32-34-05-01
08/29/22,29-19-16-18-09-52
08/31/22,15-12-16-17-03-09
09/03/22,17-51-33-25-21-46
09/05/22,54-11-48-10-09-38
09/07/22,36-06-07-33-38-39
09/10/22,48-42-18-06-46-28
09/12/22,23-45-36-28-17-18
09/14/22,17-24-36-15-34-18
09/17/22,20-06-29-18-52-44
09/19/22,30-46-20-17-34-15
09/21/22,48-31-42-40-11-50
09/24/22,52-30-36-42-45-34
09/26/22,07-52-03-34-46-50
09/28/22,54-11-26-46-33-51
10/01/22,09-45-36-27-18-54
10/03/22,26-14-51-10-12-08
10/05/22,09-32-37-34-31-33
10/08/22,22-06-43-42-17-44
10/10/22,03-36-15-41-51-28
10/12/22,24-25-31-54-19-14
10/15/22,37-42-45-20-54-41
10/17/22,40-46-37-48-29-20
10/19/22,47-16-11-05-22-40
10/22/22,44-50-07-52-46-36
10/24/22,27-32-53-37-39-36
10/26/22,35-45-29-06-33-02
10/29/22,52-05-42-18-15-11
10/31/22,30-35-51-05-26-54
11/02/22,22-16-13-27-38-43
11/05/22,40-03-34-37-19-15
11/07/22,49-10-16-22-51-55
11/09/22,22-25-01-02-28-41
11/12/22,23-15-18-24-26-32
11/14/22,40-07-51-12-09-02
11/16/22,41-19-02-47-45-54
11/19/22,27-54-03-46-45-25
11/21/22,28-25-31-48-45-17
11/23/22,15-35-51-26-40-48
11/26/22,30-20-11-45-21-18
11/28/22,21-32-09-13-40-34
11/30/22,45-08-04-28-17-13
12/03/22,15-55-43-53-40-47
12/05/22,02-19-48-24-43-52
12/07/22,54-22-10-28-14-26
12/10/22,24-35-53-47-05-44
12/12/22,12-04-43-49-42-47
12/14/22,11-46-09-12-43-16
12/17/22,33-38-29-08-13-50
12/19/22,24-48-08-38-45-11
12/21/22,07-14-13-54-30-19
12/24/22,41-47-09-51-21-43
12/26/22,05-21-20-10-29-50
12/28/22,30-25-20-41-17-42
12/31/22,05-35-13-39-27-09
01/02/23,30-33-54-43-41-32
01/04/23,08-49-02-44-07-19
01/07/23,44-13-19-33-27-39
01/09/23,35-07-11-30-23-55
01/11/23,39-43-18-07-29-52
01/14/23,47-34-06-15-51-01
01/16/23,16-44-36-47-37-13
01/18/23,04-52-21-48-15-30
01/21/23,03-44-10-13-23-11
01/23/23,27-49-07-04-26-33
01/25/23,40-30-44-33-51-27
01/28/23,10-34-28-46-04-14
01/30/23,03-15-27-35-16-51
02/01/23,40-08-45-06-23-41
02/04/23,08-17-12-01-35-03
02/06/23,24-04-40-46-38-21
02/08/23,32-19-43-27-29-45
02/11/23,04-25-21-53-23-27
02/13/23,17-15-40-42-38-51
02/15/23,07-25-15-22-44-54
02/18/23,55-44-03-14-41-16
02/20/23,15-20-08-28-19-05
02/22/23,34-33-50-17-27-13
02/25/23,44-32-31-41-29-46
02/27/23,09-08-05-01-30-52
03/01/23,08-26-17-41-37-49
03/04/23,53-48-40-23-24-02
03/06/23,14-29-09-06-38-15
03/08/23,48-36-42-55-11-22
03/11/23,45-29-12-03-26-51
03/13/23,16-21-25-29-15-06
03/15/23,01-24-39-06-53-40
03/18/23,26-03-43-10-54-14
03/20/23,07-50-38-34-51-22
03/22/23,25-50-49-38-21-19
03/25/23,49-53-03-31-22-08
03/27/23,36-38-47-43-28-15
03/29/23,26-23-34-41-45-29
04/01/23,05-33-49-47-28-42
04/03/23,21-37-33-34-55-25
04/05/23,05-15-43-06-22-18
04/10/23,23-28-25-24-36-30
04/12/23,07-10-09-55-28-18
04/15/23,51-19-41-14-35-20
04/17/23,29-13-53-27-54-23
04/19/23,20-02-52-13-44-45
04/22/23,53-02-05-41-09-51
04/24/23,44-26-51-11-21-45
04/26/23,05-48-14-09-33-02
04/29/23,53-17-37-13-23-04
05/01/23,03-11-02-51-31-43
05/03/23,19-46-03-34-04-28
05/06/23,04-16-26-24-14-47
05/08/23,43-14-01-15-33-45
05/10/23,42-17-06-08-12-04
05/13/23,09-43-46-51-36-16
05/15/23,15-18-02-29-16-24
05/17/23,46-18-15-08-27-37
05/20/23,01-33-43-53-26-20
05/22/23,28-32-12-09-18-50
05/24/23,48-10-18-42-30-54
05/27/23,45-08-40-02-15-19
05/29/23,48-24-47-39-33-15
05/31/23,02-39-53-49-27-55
06/03/23,04-13-51-37-34-01
06/05/23,11-17-28-06-09-01
06/07/23,17-20-29-02-22-39
06/10/23,19-27-28-05-33-10
06/12/23,54-22-23-49-42-41
06/14/23,30-14-05-27-34-42
06/17/23,18-15-43-25-34-19
06/19/23,20-13-19-43-24-15
06/21/23,11-04-43-36-51-18
06/24/23,10-18-33-39-23-11
06/26/23,28-10-01-35-30-48
06/28/23,47-45-41-06-37-48
07/01/23,21-26-15-48-35-30
07/03/23,20-22-52-54-33-30
07/05/23,05-01-27-26-44-11
07/08/23,48-24-02-12-42-43
07/10/23,28-40-38-35-19-52
07/12/23,19-32-25-12-17-36
07/15/23,34-46-48-23-21-30
07/17/23,55-35-42-23-11-01
07/19/23,48-28-17-55-47-22
07/22/23,15-38-23-28-03-49
07/24/23,49-55-20-52-36-47
07/26/23,54-02-03-21-13-06
07/29/23,03-24-19-01-17-11
07/31/23,11-36-23-34-15-27
08/02/23,46-38-43-04-08-17
08/05/23,43-15-02-33-16-25
08/07/23,51-01-43-13-18-53
08/09/23,16-01-06-34-02-38
08/12/23,54-55-26-45-43-24
08/14/23,04-03-33-07-20-22
08/16/23,07-11-06-15-49-12
08/19/23,41-39-14-09-31-04
08/21/23,23-25-01-26-14-28
08/23/23,18-12-29-07-28-50
08/26/23,42-28-30-34-33-01
08/28/23,41-17-07-51-39-46
08/30/23,12-04-48-06-43-55
09/02/23,10-02-17-04-35-51
09/04/23,55-50-06-45-12-40
09/06/23,50-48-02-55-46-09
09/09/23,42-32-54-44-11-39
09/11/23,31-54-29-52-24-12
09/13/23,45-23-11-13-46-04
09/16/23,09-27-44-49-11-24
09/18/23,09-02-26-49-22-30
09/20/23,03-31-28-37-55-25
09/23/23,39-52-45-22-11-17
09/25/23,30-17-06-12-04-29
09/27/23,18-35-36-34-20-21
09/30/23,11-40-03-53-44-38
10/02/23,47-02-04-44-54-25
10/04/23,50-39-30-40-33-18
10/07/23,46-29-17-54-30-50
10/09/23,03-30-05-06-02-14
10/11/23,14-07-37-20-47-43
10/14/23,55-37-09-26-10-43
10/16/23,11-48-25-02-30-38
10/18/23,12-34-03-29-15-40
10/21/23,04-42-44-49-39-21
10/23/23,54-49-42-39-19-35
10/25/23,51-50-27-49-11-24
10/28/23,44-17-07-49-35-14
10/30/23,14-32-54-44-52-47
11/01/23,46-43-06-30-15-01
11/04/23,33-18-47-26-24-20
11/06/23,33-25-10-14-18-51
11/08/23,21-33-32-54-01-52
11/11/23,52-08-41-11-27-31
11/13/23,48-02-54-41-19-35
11/15/23,52-05-06-38-27-53
11/18/23,42-52-49-50-32-08
11/20/23,38-17-27-33-42-48
11/22/23,06-10-02-17-23-51
11/25/23,11-26-46-05-38-50
11/27/23,51-32-11-19-40-10
11/29/23,38-18-45-20-31-51
12/02/23,29-30-11-09-46-32
12/04/23,46-26-37-01-27-08
12/06/23,04-32-52-06-46-26
12/09/23,24-32-05-07-09-44
12/11/23,33-03-55-41-01-09
12/13/23,55-48-05-16-40-24
12/16/23,25-20-24-28-06-09
12/18/23,48-54-37-06-53-16
12/20/23,41-35-44-50-51-32
12/23/23,25-21-07-49-32-22
12/27/23,27-05-51-43-54-12
12/30/23,22-05-51-48-01-25
01/03/24,52-04-24-42-26-39
01/06/24,16-47-23-40-54-06
01/08/24,08-18-24-17-28-04
01/10/24,50-53-22-32-07-42
01/13/24,11-28-53-54-03-37
01/15/24,45-35-55-47-37-42
01/17/24,24-50-52-09-51-03
01/20/24,21-48-10-29-44-30
01/22/24,02-33-10-51-13-23
01/24/24,48-46-30-29-15-42
01/27/24,02-25-06-35-13-07
01/29/24,09-53-17-51-43-52
01/31/24,30-37-27-04-31-05
02/03/24,10-07-19-40-20-29
02/05/24,20-43-49-31-06-24
02/07/24,40-38-36-21-37-42
02/10/24,24-39-01-21-37-03
02/12/24,29-04-54-38-12-39
02/14/24,44-36-50-42-21-11
02/17/24,07-46-14-54-30-44
02/19/24,27-55-48-54-31-03
02/21/24,15-08-02-49-50-45
02/24/24,42-44-01-24-47-02
02/26/24,22-18-35-39-48-08
02/28/24,49-37-51-36-50-10
03/02/24,32-25-16-36-33-29
03/04/24,07-31-49-33-32-40
03/06/24,24-22-20-05-25-28
03/09/24,22-55-24-48-44-43
03/11/24,53-39-30-54-11-40
03/13/24,13-42-35-27-33-30
03/16/24,26-01-10-35-12-18
03/18/24,13-41-05-50-49-54
03/20/24,33-51-42-20-47-46
03/23/24,40-36-35-26-03-37
03/25/24,12-49-14-40-54-31
03/27/24,15-02-06-52-19-24
04/01/24,17-52-37-43-38-11
04/03/24,45-18-30-23-11-14
04/06/24,42-53-37-30-29-21
04/08/24,04-35-45-32-13-15
04/10/24,09-37-24-23-07-52
04/13/24,17-26-30-39-14-07
04/15/24,04-16-54-34-23-29
04/17/24,23-02-37-16-11-32
04/20/24,46-01-06-40-27-35
04/22/24,51-09-47-41-40-04
04/24/24,30-43-55-41-50-37
04/27/24,45-54-09-31-47-08
04/29/24,29-32-19-47-30-02
05/01/24,45-16-42-41-50-01
05/04/24,48-41-04-40-24-43
05/06/24,36-52-29-24-28-42
05/08/24,01-39-28-20-07-27
05/11/24,13-39-05-33-35-11
05/13/24,11-21-29-04-53-31
05/15/24,49-53-26-41-03-17
05/18/24,08-16-25-44-06-34
05/20/24,17-01-34-06-50-45
05/22/24,27-29-14-24-41-20
05/25/24,49-43-26-03-21-50
05/27/24,13-53-24-51-38-31
05/29/24,19-39-20-24-25-27
06/01/24,36-50-29-02-13-46
06/03/24,35-54-05-41-06-22
06/05/24,49-29-45-35-08-11
06/08/24,16-34-24-15-11-21
06/10/24,35-06-04-32-48-28
06/12/24,25-21-23-10-36-42
06/15/24,42-16-24-07-12-31
06/17/24,41-37-29-36-49-04
06/19/24,17-45-10-06-47-44
06/22/24,08-03-09-46-41-38
06/24/24,03-04-29-49-30-08
06/26/24,13-41-22-52-17-20
06/29/24,51-43-04-06-12-48
07/01/24,28-09-21-30-23-46
07/03/24,43-51-52-44-29-47
07/06/24,53-11-20-04-19-51
07/08/24,34-22-46-43-33-28
07/10/24,41-08-46-35-20-30
07/13/24,45-37-23-55-32-21
07/15/24,10-35-09-08-21-28
07/17/24,25-44-43-34-40-03
07/20/24,33-21-40-42-52-37
07/22/24,16-27-07-25-54-30
07/24/24,02-03-04-16-44-40
07/27/24,39-43-41-16-25-45
07/29/24,22-05-52-46-23-35
07/31/24,32-42-36-23-48-37
08/03/24,28-04-49-35-30-01
08/05/24,16-20-35-39-51-53
08/07/24,47-40-24-29-16-13
08/10/24,35-49-52-38-55-13
08/12/24,10-53-06-34-42-08
08/14/24,05-04-26-03-20-30
08/17/24,25-27-28-35-29-53
08/19/24,52-36-31-21-01-53
08/21/24,11-46-43-38-18-45
08/24/24,44-16-40-13-42-15
08/26/24,16-45-27-39-38-09
08/28/24,33-21-37-40-49-50
08/31/24,03-51-01-11-16-10
09/02/24,08-50-44-40-07-13
09/04/24,32-45-07-22-17-03
09/07/24,31-03-17-47-24-20
09/09/24,41-34-23-09-45-27
09/11/24,15-09-30-52-49-14
09/14/24,21-34-26-06-44-27
09/16/24,22-09-05-21-37-30
09/18/24,02-15-45-31-19-24
09/21/24,06-20-05-28-29-10
09/23/24,13-10-12-52-40-33
09/25/24,30-34-27-39-02-38
09/28/24,46-45-12-22-41-13
09/30/24,28-42-04-55-45-39
10/02/24,55-09-02-21-26-08
10/05/24,10-28-03-53-41-20
10/07/24,54-12-33-31-02-10
10/09/24,04-34-48-09-19-41
10/12/24,05-43-40-25-27-36
10/14/24,17-52-06-01-43-05
10/16/24,35-45-26-17-07-51
10/19/24,55-46-20-44-23-42
10/21/24,49-39-26-10-36-53
10/23/24,39-05-20-11-47-01
10/26/24,20-51-17-31-45-50
10/28/24,12-06-48-35-14-39
10/30/24,53-16-47-21-07-40
11/02/24,26-48-12-50-52-10
11/04/24,26-14-30-54-40-23
11/06/24,04-02-35-23-42-03
11/09/24,52-29-40-42-16-55
11/11/24,49-26-43-20-08-39
11/13/24,27-01-16-11-50-03
11/16/24,54-47-50-44-52-40
11/18/24,07-46-30-49-24-12
11/20/24,14-01-25-32-10-27
11/23/24,04-17-26-09-41-07
11/25/24,19-15-07-33-49-25
11/27/24,25-17-41-34-08-18
11/30/24,01-53-08-50-38-40
12/02/24,16-09-41-18-20-05
12/04/24,09-18-02-01-37-32
12/07/24,33-41-20-43-15-18
12/09/24,42-11-47-12-30-54
12/11/24,01-16-08-41-42-17
12/14/24,49-10-42-34-35-27
12/16/24,21-40-15-55-10-54
12/18/24,42-55-39-31-07-48
12/21/24,25-48-26-08-46-53
12/23/24,24-14-22-41-10-52
12/25/24,33-47-38-15-16-03
12/28/24,45-46-33-23-03-48
12/30/24,45-26-17-52-20-54
01/01/25,45-44-50-38-55-42
01/04/25,49-35-01-20-43-31
01/06/25,38-27-21-23-11-10
01/08/25,13-21-24-31-09-03
01/11/25,18-25-22-06-28-44
01/13/25,09-14-45-05-03-15
01/15/25,20-32-21-31-13-50
01/18/25,13-34-51-04-22-07
01/20/25,47-21-32-40-28-02
01/22/25,22-52-33-49-02-34
01/25/25,45-22-23-32-03-30
01/27/25,20-48-47-10-26-55
01/29/25,48-29-27-43-17-30
02/01/25,51-21-01-16-33-38
02/03/25,35-48-01-18-02-19
02/05/25,24-33-14-43-06-39
02/08/25,49-07-37-36-31-20
02/10/25,53-24-31-50-06-22
02/12/25,07-54-47-32-43-09
02/15/25,53-46-32-29-44-10
02/17/25,11-41-54-49-10-45
02/19/25,15-21-37-55-49-22
02/22/25,04-33-45-23-47-31
02/24/25,28-06-11-43-53-13
02/26/25,14-51-28-34-53-22
03/01/25,04-51-41-44-43-31
03/03/25,02-28-04-46-11-49
03/05/25,13-49-48-30-17-03
03/08/25,41-30-23-33-55-42
03/10/25,20-13-09-34-01-08
03/12/25,07-09-17-13-24-35
03/15/25,37-34-19-32-39-54
03/17/25,06-12-41-34-44-50
03/19/25,16-38-37-25-36-04
03/22/25,04-29-24-32-12-40
03/24/25,21-30-27-38-29-03
03/26/25,52-33-19-44-21-43
03/29/25,44-16-30-34-54-55
03/31/25,50-42-29-45-11-08
04/02/25,20-08-52-24-05-25
04/05/25,09-10-20-38-55-36
04/07/25,35-55-50-47-14-34
04/09/25,19-31-36-45-13-16
04/12/25,47-44-45-13-10-50
04/14/25,47-14-41-46-51-49
04/16/25,54-08-28-23-52-43
04/21/25,09-50-26-30-07-03
04/23/25,13-11-38-34-18-10
04/26/25,47-06-36-11-53-42
04/28/25,41-34-37-26-30-28
04/30/25,27-55-44-19-48-43
05/03/25,22-02-35-37-42-19
05/05/25,27-24-01-31-53-23
05/07/25,24-52-20-34-22-43